-- Insert into Destination table
INSERT INTO destination (id, city, country)
VALUES (1, 'Paris', 'France'),
       (2, 'Tokyo', 'Japan'),
       (3, 'New York', 'USA'),
       (4, 'Sydney', 'Australia'),
       (5, 'Cairo', 'Egypt'),
       (6, 'Rome', 'Italy'),
       (7, 'Rio de Janeiro', 'Brazil'),
       (8, 'Cape Town', 'South Africa'),
       (9, 'Bangkok', 'Thailand'),
       (10, 'Berlin', 'Germany'),
       (11, 'Gujarat', 'India');

-- Insert into destination_clues table
INSERT INTO destination_clues (destination_id, clue)
VALUES (1, 'A city where a tower of iron shines bright and love is in the air.'),
       (1, 'A place where an old cathedral and a famous museum tell stories of art and history.'),
       (2, 'A city where neon lights, sushi, and cherry blossoms paint a futuristic skyline.'),
       (2, 'A place where ancient shrines meet high-tech robots in harmony.'),
       (3, 'A city where a lady with a torch welcomes millions from the sea.'),
       (3, 'The place where yellow taxis, Broadway lights, and a giant park define the skyline.'),
       (4, 'A city where white sails rise above the harbor, and a bridge known as the Coathanger stands tall.'),
       (4, 'A place where you can surf at Bondi Beach or visit an opera house shaped like shells.'),
       (5, 'A city where the great pyramids stand tall and a mighty river flows.'),
       (5, 'A place where ancient pharaohs rest and the Sphinx keeps watch.'),
       (6, 'A city where gladiators once fought, and a fountain grants wishes.'),
       (6, 'A place where a tiny independent country lies within its borders.'),
       (7, 'A city where a giant statue overlooks the bay and carnival brings the streets to life.'),
       (7, 'A place where you can dance to samba or relax on Copacabana Beach.'),
       (8, 'A city where a flat-topped mountain stands above the sea and penguins waddle on the beach.'),
       (8, 'A place where Robben Island holds the memory of a great leader.'),
       (9, 'A city where golden temples shine and floating markets sell exotic goods.'),
       (9, 'A place where a royal palace dazzles and street food is world-famous.'),
       (10, 'A city where a wall once divided, and a gate stands as a symbol of unity.'),
       (10, 'A place where history, art, and techno music create a unique culture.'),
       (11, 'A land where the salt marches made history, and the lions roam freely outside Africa.'),
       (11, 'A place where a white desert meets vibrant textiles, and a statue stands taller than all.');

-- Insert into destination_fun_facts table
INSERT INTO destination_fun_facts (destination_id, fun_fact)
VALUES (1, 'The Eiffel Tower was originally meant to be temporary but became the most iconic landmark in Paris.'),
       (1, 'The Louvre Museum is the largest art museum in the world and home to the Mona Lisa.'),
       (2, 'Tokyo is home to the world’s busiest pedestrian crossing, the Shibuya Scramble.'),
       (2, 'Mount Fuji, Japan’s tallest mountain, can be seen from Tokyo on clear days.'),
       (3, 'New York City has more skyscrapers than any other city in the United States.'),
       (3, 'Central Park is one of the most filmed locations in the world.'),
       (4,
        'Sydney Opera House is one of the most recognizable buildings in the world and a UNESCO World Heritage Site.'),
       (4, 'Sydney Harbour Bridge is the world''s largest steel arch bridge.'),
       (5, 'The Great Pyramid of Giza is the only surviving wonder of the ancient world.'),
       (5, 'The Nile River, the longest river in the world, flows through Cairo.'),
       (6, 'The Colosseum is the largest ancient amphitheater ever built.'),
       (6, 'Vatican City, the world’s smallest country, is located within Rome.'),
       (7, 'The Christ the Redeemer statue is one of the New Seven Wonders of the World.'),
       (7, 'Rio’s Carnival is the largest in the world, attracting millions of visitors.'),
       (8, 'Table Mountain in Cape Town is one of the oldest mountains in the world.'),
       (8, 'Nelson Mandela was imprisoned for 18 years on Robben Island, just off the coast of Cape Town.'),
       (9, 'Bangkok is home to the world’s largest solid gold Buddha statue.'),
       (9, 'The Grand Palace has been the official residence of the Thai Kings since 1782.'),
       (10, 'The Berlin Wall fell in 1989, marking the end of the Cold War.'),
       (10, 'Berlin has more museums than rainy days in a year.'),
       (11, 'The Gir Forest in Gujarat is the only place outside Africa where Asiatic lions are found.'),
       (11, 'The Statue of Unity, located in Gujarat, is the tallest statue in the world, standing at 182 meters.');

-- Insert into destination_trivia table
INSERT INTO destination_trivia (destination_id, trivia)
VALUES (1, 'Which river flows through the heart of Paris?'),
       (1, 'What is the name of the famous avenue in Paris known for luxury shopping and celebrations?'),
       (2, 'What is the name of Tokyo’s famous shopping and entertainment district known for anime and electronics?'),
       (2,
        'Which traditional Japanese theater performance originated in Tokyo and features elaborate costumes and makeup?'),
       (3, 'Which New York landmark was a gift from France to the USA?'),
       (3, 'What is the name of the famous intersection known for its bright billboards and Broadway theaters?'),
       (4, 'What is the name of Sydney’s world-famous beach known for surfing?'),
       (4, 'Which iconic New Year’s Eve fireworks show takes place in Sydney every year?'),
       (5, 'What is the name of the famous museum in Cairo that houses ancient Egyptian artifacts?'),
       (5, 'Which legendary queen of Egypt is often associated with the Pyramids and the Nile?'),
       (6, 'What is the name of the famous fountain in Rome where people throw coins for good luck?'),
       (6, 'Which ancient empire had Rome as its capital?'),
       (7, 'What is the name of the famous mountain in Rio that offers a panoramic view of the city?'),
       (7, 'Which sport is most popular in Brazil and often played on Rio’s beaches?'),
       (8, 'What is the name of the colorful historic neighborhood in Cape Town known for its Cape Malay culture?'),
       (8, 'Which ocean meets the Atlantic Ocean near Cape Town at Cape Point?'),
       (9, 'What is the name of Bangkok’s famous street known for nightlife and backpackers?'),
       (9, 'Which river runs through Bangkok and is often called the ‘River of Kings’?'),
       (10, 'What is the name of the famous gate in Berlin that is a symbol of German unity?'),
       (10, 'Which landmark was once a crossing point between East and West Berlin?'),
       (11, 'Which famous leader led the Salt March from Gujarat''s Sabarmati Ashram in 1930?'),
       (11,
        'What is the name of the annual festival celebrated in Gujarat where the sky is filled with colorful kites?');
